{
  "project_info": {
    "project_number": "646992685371",
    "firebase_url": "https://travelmantics-e63ca.firebaseio.com",
    "project_id": "travelmantics-e63ca",
    "storage_bucket": "travelmantics-e63ca.appspot.com"
  },
  "client": [
    {
      "client_info": {
        "mobilesdk_app_id": "1:646992685371:android:b4470d06b32c6715",
        "android_client_info": {
          "package_name": "com.example.travelmantics"
        }
      },
      "oauth_client": [
        {
          "client_id": "646992685371-606m25aa1ru1592id7g4iggj17lmo1d5.apps.googleusercontent.com",
          "client_type": 1,
          "android_info": {
            "package_name": "com.example.travelmantics",
            "certificate_hash": "82df4befeb6f4e513ed73ddb588b3a4ba7193f5e"
          }
        },
        {
          "client_id": "646992685371-tugplj8s970fuluid5co84u5mcvt9miq.apps.googleusercontent.com",
          "client_type": 3
        }
      ],
      "api_key": [
        {
          "current_key": "AIzaSyBK-9MsdAlJ5TK3wZz_ZQtxYp2YtTQ0_Rw"
        }
      ],
      "services": {
        "appinvite_service": {
          "other_platform_oauth_client": [
            {
              "client_id": "646992685371-tugplj8s970fuluid5co84u5mcvt9miq.apps.googleusercontent.com",
              "client_type": 3
            }
          ]
        }
      }
    }
  ],
  "configuration_version": "1"
}